eps_ms,topology,metric,lia_mechanism,baseline_mechanism,mean_diff,ci_low,ci_high,n
0.0,STARLINK-200,welfare_ratio,LIA_lambda0.5_per_s,BatchVCG_B10ms,0.2952136783330932,0.29122486633924327,0.29925979064275127,17500
0.0,STARLINK-200,welfare_ratio,LIA_lambda0.5_per_s,BatchVCG_B1ms,0.4566392386698079,0.4521306508822495,0.4610204040177361,17500
0.0,STARLINK-200,welfare_ratio,LIA_lambda0.5_per_s,BatchVCG_B20ms,0.15671471326674657,0.15380391436453317,0.15966371967904971,17500
0.0,STARLINK-200,welfare_ratio,LIA_lambda0.5_per_s,BatchVCG_B50ms,0.0045831905140807224,0.004203981001852516,0.004969642217387558,17500
0.0,STARLINK-200,welfare_ratio,LIA_lambda0.5_per_s,BatchVCG_B5ms,0.3836368908789323,0.3793197426252966,0.38807486285844234,17500
0.0,STARLINK-200,welfare_ratio,LIA_lambda0.5_per_s,FastVCG,0.47397398406106533,0.46959551868237887,0.47837610344375686,17500
0.0,STARLINK-200,welfare_ratio,LIA_lambda0.5_per_s,HoldBack,-0.00042854999892573143,-0.0004568513310317179,-0.0003995632303546004,17500
0.0,STARLINK-200,welfare_ratio,LIA_lambda0.5_per_s,SyncVCG,-0.00042854999892573143,-0.0004575772333461913,-0.0004001560939192371,17500
0.0,STARLINK-200,welfare_ratio,LIA_lambda1_per_s,BatchVCG_B10ms,0.29427452103956475,0.29032255748937946,0.29815015899114305,17500
0.0,STARLINK-200,welfare_ratio,LIA_lambda1_per_s,BatchVCG_B1ms,0.4557000813762794,0.4512658670009024,0.4600814259508047,17500
0.0,STARLINK-200,welfare_ratio,LIA_lambda1_per_s,BatchVCG_B20ms,0.15577555597321813,0.15282193635059907,0.15876954371201102,17500
0.0,STARLINK-200,welfare_ratio,LIA_lambda1_per_s,BatchVCG_B50ms,0.003644033220552261,0.003251487900833225,0.004039394059428666,17500
0.0,STARLINK-200,welfare_ratio,LIA_lambda1_per_s,BatchVCG_B5ms,0.3826977335854039,0.3784537903281636,0.38697001971086364,17500
0.0,STARLINK-200,welfare_ratio,LIA_lambda1_per_s,FastVCG,0.4730348267675369,0.46858536731054307,0.47737753554237533,17500
0.0,STARLINK-200,welfare_ratio,LIA_lambda1_per_s,HoldBack,-0.0013677072924541931,-0.0014352564040509086,-0.0012999512940037497,17500
0.0,STARLINK-200,welfare_ratio,LIA_lambda1_per_s,SyncVCG,-0.0013677072924541931,-0.0014357653095919268,-0.0013000959882531837,17500
0.0,STARLINK-200,welfare_ratio,LIA_lambda2_per_s,BatchVCG_B10ms,0.2917337353085185,0.28782032448259576,0.2956942836535086,17500
0.0,STARLINK-200,welfare_ratio,LIA_lambda2_per_s,BatchVCG_B1ms,0.4531592956452331,0.4487551904016424,0.4576104497300515,17500
0.0,STARLINK-200,welfare_ratio,LIA_lambda2_per_s,BatchVCG_B20ms,0.15323477024217189,0.1503647891439446,0.15613706854493767,17500
0.0,STARLINK-200,welfare_ratio,LIA_lambda2_per_s,BatchVCG_B50ms,0.001103247489506001,0.0006789316860586785,0.0015390410285805872,17500
0.0,STARLINK-200,welfare_ratio,LIA_lambda2_per_s,BatchVCG_B5ms,0.3801569478543576,0.3760173904712425,0.3844188276314774,17500
0.0,STARLINK-200,welfare_ratio,LIA_lambda2_per_s,FastVCG,0.4704940410364907,0.46600799384987385,0.47488384455896177,17500
0.0,STARLINK-200,welfare_ratio,LIA_lambda2_per_s,HoldBack,-0.003908493023500453,-0.004057621276997384,-0.003759333325307808,17500
0.0,STARLINK-200,welfare_ratio,LIA_lambda2_per_s,SyncVCG,-0.003908493023500453,-0.004058386343434704,-0.003757800359121272,17500
0.0,STARLINK-200,revenue_ratio,LIA_lambda0.5_per_s,BatchVCG_B10ms,0.5878236438815206,0.5831060564088554,0.5924710509511699,17500
0.0,STARLINK-200,revenue_ratio,LIA_lambda0.5_per_s,BatchVCG_B1ms,0.9103945642742828,0.9081976783472299,0.9125753037540498,17500
0.0,STARLINK-200,revenue_ratio,LIA_lambda0.5_per_s,BatchVCG_B20ms,0.31377001397986337,0.3097063832926234,0.3179003013440312,17500
0.0,STARLINK-200,revenue_ratio,LIA_lambda0.5_per_s,BatchVCG_B50ms,0.009354882475104763,0.008750296512723682,0.009965859682801366,17500
0.0,STARLINK-200,revenue_ratio,LIA_lambda0.5_per_s,BatchVCG_B5ms,0.7612154482480276,0.7570970199814309,0.7653453402548103,17500
0.0,STARLINK-200,revenue_ratio,LIA_lambda0.5_per_s,FastVCG,0.948223872269368,0.9472810973509257,0.9491637747673572,17500
0.0,STARLINK-200,revenue_ratio,LIA_lambda0.5_per_s,HoldBack,-0.0008864080414084705,-0.0009994789402566272,-0.0007737925919949852,17500
0.0,STARLINK-200,revenue_ratio,LIA_lambda0.5_per_s,SyncVCG,-0.0008864080414084705,-0.0009984791977354468,-0.0007753665987484062,17500
0.0,STARLINK-200,revenue_ratio,LIA_lambda1_per_s,BatchVCG_B10ms,0.5859121741197829,0.5810112468716161,0.5906323471301834,17500
0.0,STARLINK-200,revenue_ratio,LIA_lambda1_per_s,BatchVCG_B1ms,0.908483094512545,0.9062609800746722,0.9106350719492746,17500
0.0,STARLINK-200,revenue_ratio,LIA_lambda1_per_s,BatchVCG_B20ms,0.3118585442181256,0.3077440026050471,0.31598246330869223,17500
0.0,STARLINK-200,revenue_ratio,LIA_lambda1_per_s,BatchVCG_B50ms,0.007443412713366955,0.0068267410047148595,0.008083818297552729,17500
0.0,STARLINK-200,revenue_ratio,LIA_lambda1_per_s,BatchVCG_B5ms,0.7593039784862897,0.7553489837796133,0.7633836657208449,17500
0.0,STARLINK-200,revenue_ratio,LIA_lambda1_per_s,FastVCG,0.9463124025076302,0.945382516989273,0.9472333036986055,17500
0.0,STARLINK-200,revenue_ratio,LIA_lambda1_per_s,HoldBack,-0.002797877803146279,-0.002999354999948121,-0.0025879630728148388,17500
0.0,STARLINK-200,revenue_ratio,LIA_lambda1_per_s,SyncVCG,-0.002797877803146279,-0.003002988743402489,-0.0025901940489889523,17500
0.0,STARLINK-200,revenue_ratio,LIA_lambda2_per_s,BatchVCG_B10ms,0.5808306124375069,0.5761345134885562,0.5856206101106012,17500
0.0,STARLINK-200,revenue_ratio,LIA_lambda2_per_s,BatchVCG_B1ms,0.903401532830269,0.9012184012421105,0.9056142884039612,17500
0.0,STARLINK-200,revenue_ratio,LIA_lambda2_per_s,BatchVCG_B20ms,0.30677698253584956,0.3026220506162536,0.31082529286581234,17500
0.0,STARLINK-200,revenue_ratio,LIA_lambda2_per_s,BatchVCG_B50ms,0.0023618510310909617,0.0016922331726422243,0.0030421426431963415,17500
0.0,STARLINK-200,revenue_ratio,LIA_lambda2_per_s,BatchVCG_B5ms,0.7542224168040137,0.7500835992655401,0.7582701038149662,17500
0.0,STARLINK-200,revenue_ratio,LIA_lambda2_per_s,FastVCG,0.9412308408253544,0.940298409024846,0.942150646421049,17500
0.0,STARLINK-200,revenue_ratio,LIA_lambda2_per_s,HoldBack,-0.007879439485422274,-0.008220886811219474,-0.007524364663682371,17500
0.0,STARLINK-200,revenue_ratio,LIA_lambda2_per_s,SyncVCG,-0.007879439485422274,-0.008233810843463233,-0.007531714776562591,17500
0.0,STARLINK-200,clearing_latency_ms,LIA_lambda0.5_per_s,BatchVCG_B10ms,34.870976911140566,34.725099462426186,35.01318368049419,17500
0.0,STARLINK-200,clearing_latency_ms,LIA_lambda0.5_per_s,BatchVCG_B1ms,43.87070871132755,43.72396737478313,44.016616990653176,17500
0.0,STARLINK-200,clearing_latency_ms,LIA_lambda0.5_per_s,BatchVCG_B20ms,24.89639104445917,24.751143993443687,25.04050209743538,17500
0.0,STARLINK-200,clearing_latency_ms,LIA_lambda0.5_per_s,BatchVCG_B50ms,1.1951019232056797,1.1397672014832343,1.2507191156306061,17500
0.0,STARLINK-200,clearing_latency_ms,LIA_lambda0.5_per_s,BatchVCG_B5ms,39.870683670238826,39.722916366236866,40.01804725457269,17500
0.0,STARLINK-200,clearing_latency_ms,LIA_lambda0.5_per_s,FastVCG,44.87070776894885,44.72478608639965,45.02215222813243,17500
0.0,STARLINK-200,clearing_latency_ms,LIA_lambda0.5_per_s,HoldBack,-0.6778254850299285,-0.6934730215898604,-0.6618887702354981,17500
0.0,STARLINK-200,clearing_latency_ms,LIA_lambda0.5_per_s,SyncVCG,-0.6782687570897118,-0.6939402458192452,-0.6626792652286245,17500
0.0,STARLINK-200,clearing_latency_ms,LIA_lambda1_per_s,BatchVCG_B10ms,34.87080464339944,34.72322095401064,35.018520561974015,17500
0.0,STARLINK-200,clearing_latency_ms,LIA_lambda1_per_s,BatchVCG_B1ms,43.87053644358643,43.72712664243143,44.014978390835424,17500
0.0,STARLINK-200,clearing_latency_ms,LIA_lambda1_per_s,BatchVCG_B20ms,24.896218776718044,24.75279574653416,25.038346078607088,17500
0.0,STARLINK-200,clearing_latency_ms,LIA_lambda1_per_s,BatchVCG_B50ms,1.194929655464555,1.1396357988054078,1.2487138183748776,17500
0.0,STARLINK-200,clearing_latency_ms,LIA_lambda1_per_s,BatchVCG_B5ms,39.8705114024977,39.726758721630475,40.01989117095728,17500
0.0,STARLINK-200,clearing_latency_ms,LIA_lambda1_per_s,FastVCG,44.870535501207726,44.72631098078948,45.016991686578756,17500
0.0,STARLINK-200,clearing_latency_ms,LIA_lambda1_per_s,HoldBack,-0.677997752771053,-0.6939428083136525,-0.6619987842756287,17500
0.0,STARLINK-200,clearing_latency_ms,LIA_lambda1_per_s,SyncVCG,-0.6784410248308363,-0.6946786949650084,-0.6627279362532905,17500
0.0,STARLINK-200,clearing_latency_ms,LIA_lambda2_per_s,BatchVCG_B10ms,34.87077712842525,34.718146195558646,35.01639382394314,17500
0.0,STARLINK-200,clearing_latency_ms,LIA_lambda2_per_s,BatchVCG_B1ms,43.87050892861224,43.72484585783265,44.01394605281916,17500
0.0,STARLINK-200,clearing_latency_ms,LIA_lambda2_per_s,BatchVCG_B20ms,24.89619126174386,24.747996033187853,25.04064985283574,17500
0.0,STARLINK-200,clearing_latency_ms,LIA_lambda2_per_s,BatchVCG_B50ms,1.1949021404903675,1.1408578550000223,1.248778550627354,17500
0.0,STARLINK-200,clearing_latency_ms,LIA_lambda2_per_s,BatchVCG_B5ms,39.87048388752351,39.72199214432799,40.020100627852926,17500
0.0,STARLINK-200,clearing_latency_ms,LIA_lambda2_per_s,FastVCG,44.870507986233534,44.72207829927152,45.01750415097868,17500
0.0,STARLINK-200,clearing_latency_ms,LIA_lambda2_per_s,HoldBack,-0.6780252677452405,-0.693979935111494,-0.6621925447319841,17500
0.0,STARLINK-200,clearing_latency_ms,LIA_lambda2_per_s,SyncVCG,-0.6784685398050239,-0.6944511638934305,-0.6627923907829353,17500
0.0,STARLINK-200,effective_welfare,LIA_lambda0.5_per_s,BatchVCG_B10ms,278.488484404793,274.7902603760168,282.28302146606717,17500
0.0,STARLINK-200,effective_welfare,LIA_lambda0.5_per_s,BatchVCG_B1ms,432.33455910569256,428.14035605892434,436.554275265967,17500
0.0,STARLINK-200,effective_welfare,LIA_lambda0.5_per_s,BatchVCG_B20ms,146.85942953503812,144.13991085656588,149.61655841283795,17500
0.0,STARLINK-200,effective_welfare,LIA_lambda0.5_per_s,BatchVCG_B50ms,4.262482325961521,3.90319006857739,4.64102127183855,17500
0.0,STARLINK-200,effective_welfare,LIA_lambda0.5_per_s,BatchVCG_B5ms,362.6773981862805,358.5180242348717,366.7571226031375,17500
0.0,STARLINK-200,effective_welfare,LIA_lambda0.5_per_s,FastVCG,448.8973725574631,444.7749437553711,453.0939353411431,17500
0.0,STARLINK-200,effective_welfare,LIA_lambda0.5_per_s,HoldBack,-0.34889613790967045,-0.3767730201061685,-0.3218571829024431,17500
0.0,STARLINK-200,effective_welfare,LIA_lambda0.5_per_s,SyncVCG,-0.34885400844748055,-0.37656849823608673,-0.3213510154756994,17500
0.0,STARLINK-200,effective_welfare,LIA_lambda1_per_s,BatchVCG_B10ms,277.58933895501644,273.85667145274897,281.32294922665807,17500
0.0,STARLINK-200,effective_welfare,LIA_lambda1_per_s,BatchVCG_B1ms,431.4354136559161,427.37409054193705,435.68860387754415,17500
0.0,STARLINK-200,effective_welfare,LIA_lambda1_per_s,BatchVCG_B20ms,145.96028408526158,143.17293040771648,148.72509139764122,17500
0.0,STARLINK-200,effective_welfare,LIA_lambda1_per_s,BatchVCG_B50ms,3.3633368761849733,2.9880400560602234,3.7474856811280595,17500
0.0,STARLINK-200,effective_welfare,LIA_lambda1_per_s,BatchVCG_B5ms,361.77825273650393,357.64502538389706,365.93114758056635,17500
0.0,STARLINK-200,effective_welfare,LIA_lambda1_per_s,FastVCG,447.99822710768655,443.73470290995607,452.311147889567,17500
0.0,STARLINK-200,effective_welfare,LIA_lambda1_per_s,HoldBack,-1.2480415876862183,-1.3138084018536405,-1.1813375080797106,17500
0.0,STARLINK-200,effective_welfare,LIA_lambda1_per_s,SyncVCG,-1.2479994582240286,-1.314252977676182,-1.1819286580591937,17500
0.0,STARLINK-200,effective_welfare,LIA_lambda2_per_s,BatchVCG_B10ms,275.1597283087988,271.38959233342257,278.9685653813413,17500
0.0,STARLINK-200,effective_welfare,LIA_lambda2_per_s,BatchVCG_B1ms,429.0058030096984,424.7765372376885,433.14727259821706,17500
0.0,STARLINK-200,effective_welfare,LIA_lambda2_per_s,BatchVCG_B20ms,143.5306734390439,140.76733645390448,146.3328266144909,17500
0.0,STARLINK-200,effective_welfare,LIA_lambda2_per_s,BatchVCG_B50ms,0.9337262299672937,0.53838099829015,1.3502238203332004,17500
0.0,STARLINK-200,effective_welfare,LIA_lambda2_per_s,BatchVCG_B5ms,359.3486420902863,355.25435161383706,363.4698897713624,17500
0.0,STARLINK-200,effective_welfare,LIA_lambda2_per_s,FastVCG,445.56861646146893,441.25916442798166,449.8058413424524,17500
0.0,STARLINK-200,effective_welfare,LIA_lambda2_per_s,HoldBack,-3.677652233903898,-3.8226614234030523,-3.535713398332263,17500
0.0,STARLINK-200,effective_welfare,LIA_lambda2_per_s,SyncVCG,-3.6776101044417078,-3.8230942087488438,-3.538935602585807,17500
0.0,STARLINK-200,compute_time_s,LIA_lambda0.5_per_s,BatchVCG_B10ms,5.302403767460159e-06,5.263797576439434e-06,5.3411258835278984e-06,17500
0.0,STARLINK-200,compute_time_s,LIA_lambda0.5_per_s,BatchVCG_B1ms,5.387182932879243e-06,5.349544003672366e-06,5.426094692499776e-06,17500
0.0,STARLINK-200,compute_time_s,LIA_lambda0.5_per_s,BatchVCG_B20ms,5.017625873110124e-06,4.979498486999156e-06,5.055767864853676e-06,17500
0.0,STARLINK-200,compute_time_s,LIA_lambda0.5_per_s,BatchVCG_B50ms,4.067831373374377e-06,4.036319987083386e-06,4.100342641385006e-06,17500
0.0,STARLINK-200,compute_time_s,LIA_lambda0.5_per_s,BatchVCG_B5ms,5.3621418441512755e-06,5.322943307525877e-06,5.400470130511427e-06,17500
0.0,STARLINK-200,compute_time_s,LIA_lambda0.5_per_s,FastVCG,5.386240554175207e-06,5.347052086976224e-06,5.4257459366428e-06,17500
0.0,STARLINK-200,compute_time_s,LIA_lambda0.5_per_s,HoldBack,4.952036403119564e-06,4.917655348212325e-06,4.987363256347764e-06,17500
0.0,STARLINK-200,compute_time_s,LIA_lambda0.5_per_s,SyncVCG,4.5087643433362245e-06,4.474110968045092e-06,4.544090357209955e-06,17500
0.0,STARLINK-200,compute_time_s,LIA_lambda1_per_s,BatchVCG_B10ms,5.130136026335614e-06,5.093308532544013e-06,5.165753571449646e-06,17500
0.0,STARLINK-200,compute_time_s,LIA_lambda1_per_s,BatchVCG_B1ms,5.214915191754699e-06,5.178708096334179e-06,5.250909538839811e-06,17500
0.0,STARLINK-200,compute_time_s,LIA_lambda1_per_s,BatchVCG_B20ms,4.845358131985579e-06,4.809812576942411e-06,4.88010867432292e-06,17500
0.0,STARLINK-200,compute_time_s,LIA_lambda1_per_s,BatchVCG_B50ms,3.895563632249832e-06,3.866373564815148e-06,3.924093133204484e-06,17500
0.0,STARLINK-200,compute_time_s,LIA_lambda1_per_s,BatchVCG_B5ms,5.1898741030267305e-06,5.153636598261073e-06,5.226645614186834e-06,17500
0.0,STARLINK-200,compute_time_s,LIA_lambda1_per_s,FastVCG,5.213972813050662e-06,5.177804663211906e-06,5.2503860736864486e-06,17500
0.0,STARLINK-200,compute_time_s,LIA_lambda1_per_s,HoldBack,4.779768661995019e-06,4.747435572457367e-06,4.811021049972623e-06,17500
0.0,STARLINK-200,compute_time_s,LIA_lambda1_per_s,SyncVCG,4.3364966022116795e-06,4.30567152715022e-06,4.368360544322059e-06,17500
0.0,STARLINK-200,compute_time_s,LIA_lambda2_per_s,BatchVCG_B10ms,5.1026210521480866e-06,5.065033122996933e-06,5.141038650846375e-06,17500
0.0,STARLINK-200,compute_time_s,LIA_lambda2_per_s,BatchVCG_B1ms,5.1874002175671715e-06,5.1494154831328035e-06,5.225269649776497e-06,17500
0.0,STARLINK-200,compute_time_s,LIA_lambda2_per_s,BatchVCG_B20ms,4.817843157798052e-06,4.781335046780961e-06,4.854535767475941e-06,17500
0.0,STARLINK-200,compute_time_s,LIA_lambda2_per_s,BatchVCG_B50ms,3.8680486580623045e-06,3.8376669953244606e-06,3.89877113962679e-06,17500
0.0,STARLINK-200,compute_time_s,LIA_lambda2_per_s,BatchVCG_B5ms,5.162359128839204e-06,5.124415676608415e-06,5.200480046415967e-06,17500
0.0,STARLINK-200,compute_time_s,LIA_lambda2_per_s,FastVCG,5.186457838863134e-06,5.148765102993431e-06,5.224611620984174e-06,17500
0.0,STARLINK-200,compute_time_s,LIA_lambda2_per_s,HoldBack,4.752253687807492e-06,4.717880767836634e-06,4.786322662839666e-06,17500
0.0,STARLINK-200,compute_time_s,LIA_lambda2_per_s,SyncVCG,4.308981628024153e-06,4.276182044330718e-06,4.343356110621244e-06,17500
0.0,INTERNET-100,welfare_ratio,LIA_lambda0.5_per_s,BatchVCG_B10ms,0.02572345990022935,0.02477431832874901,0.026696105840658582,17500
0.0,INTERNET-100,welfare_ratio,LIA_lambda0.5_per_s,BatchVCG_B1ms,0.3962018106547985,0.3918652309123642,0.4005317651147881,17500
0.0,INTERNET-100,welfare_ratio,LIA_lambda0.5_per_s,BatchVCG_B20ms,-3.750374317972197e-05,-4.221910187611324e-05,-3.298742590212204e-05,17500
0.0,INTERNET-100,welfare_ratio,LIA_lambda0.5_per_s,BatchVCG_B50ms,-3.750374317972197e-05,-4.220452121371618e-05,-3.3004156895251177e-05,17500
0.0,INTERNET-100,welfare_ratio,LIA_lambda0.5_per_s,BatchVCG_B5ms,0.15547395752516122,0.1526216355917837,0.15828447730465012,17500
0.0,INTERNET-100,welfare_ratio,LIA_lambda0.5_per_s,FastVCG,0.47474468027285643,0.4702124682871815,0.47924542053648705,17500
0.0,INTERNET-100,welfare_ratio,LIA_lambda0.5_per_s,HoldBack,-3.750374317972197e-05,-4.217991373225973e-05,-3.2927180426421204e-05,17500
0.0,INTERNET-100,welfare_ratio,LIA_lambda0.5_per_s,SyncVCG,-3.750374317972197e-05,-4.2059862181647235e-05,-3.3073942297020136e-05,17500
0.0,INTERNET-100,welfare_ratio,LIA_lambda1_per_s,BatchVCG_B10ms,0.025619092296313952,0.02468365815326378,0.02659758867046938,17500
0.0,INTERNET-100,welfare_ratio,LIA_lambda1_per_s,BatchVCG_B1ms,0.39609744305088307,0.39178882548831445,0.40040055140249503,17500
0.0,INTERNET-100,welfare_ratio,LIA_lambda1_per_s,BatchVCG_B20ms,-0.00014187134709511807,-0.00015435627797393196,-0.00012943127826241422,17500
0.0,INTERNET-100,welfare_ratio,LIA_lambda1_per_s,BatchVCG_B50ms,-0.00014187134709511807,-0.00015464180864328795,-0.0001297546916751802,17500
0.0,INTERNET-100,welfare_ratio,LIA_lambda1_per_s,BatchVCG_B5ms,0.1553695899212458,0.15247483238476503,0.15833696308818482,17500
0.0,INTERNET-100,welfare_ratio,LIA_lambda1_per_s,FastVCG,0.474640312668941,0.4701481906770365,0.47908744501483885,17500
0.0,INTERNET-100,welfare_ratio,LIA_lambda1_per_s,HoldBack,-0.00014187134709511807,-0.00015455929018228046,-0.0001296494375817366,17500
0.0,INTERNET-100,welfare_ratio,LIA_lambda1_per_s,SyncVCG,-0.00014187134709511807,-0.00015473181739351493,-0.00012950054110919752,17500
0.0,INTERNET-100,welfare_ratio,LIA_lambda2_per_s,BatchVCG_B10ms,0.025281028182386943,0.024307896904241504,0.026260916075227934,17500
0.0,INTERNET-100,welfare_ratio,LIA_lambda2_per_s,BatchVCG_B1ms,0.39575937893695606,0.39131364574453087,0.40001737086341155,17500
0.0,INTERNET-100,welfare_ratio,LIA_lambda2_per_s,BatchVCG_B20ms,-0.0004799354610221259,-0.0005114950437622424,-0.0004500373847391666,17500
0.0,INTERNET-100,welfare_ratio,LIA_lambda2_per_s,BatchVCG_B50ms,-0.0004799354610221259,-0.0005107779278037979,-0.00044955083626847987,17500
0.0,INTERNET-100,welfare_ratio,LIA_lambda2_per_s,BatchVCG_B5ms,0.15503152580731877,0.15218356612794878,0.15787211594397033,17500
0.0,INTERNET-100,welfare_ratio,LIA_lambda2_per_s,FastVCG,0.47430224855501396,0.46988623667099194,0.47870573875675204,17500
0.0,INTERNET-100,welfare_ratio,LIA_lambda2_per_s,HoldBack,-0.0004799354610221259,-0.0005117021076473091,-0.00044951088810395135,17500
0.0,INTERNET-100,welfare_ratio,LIA_lambda2_per_s,SyncVCG,-0.0004799354610221259,-0.0005107572357725346,-0.0004488122452820927,17500
0.0,INTERNET-100,revenue_ratio,LIA_lambda0.5_per_s,BatchVCG_B10ms,0.052437307406518564,0.05098091687682676,0.05394117163058256,17500
0.0,INTERNET-100,revenue_ratio,LIA_lambda0.5_per_s,BatchVCG_B1ms,0.7926059037241546,0.7887805069384706,0.7965185182029207,17500
0.0,INTERNET-100,revenue_ratio,LIA_lambda0.5_per_s,BatchVCG_B20ms,-7.7765671914393e-05,-0.00011001389300657604,-4.518868932572856e-05,17500
0.0,INTERNET-100,revenue_ratio,LIA_lambda0.5_per_s,BatchVCG_B50ms,-7.7765671914393e-05,-0.00011035543122446111,-4.4149753015984826e-05,17500
0.0,INTERNET-100,revenue_ratio,LIA_lambda0.5_per_s,BatchVCG_B5ms,0.31263941371557263,0.30861523107716904,0.31675049542716266,17500
0.0,INTERNET-100,revenue_ratio,LIA_lambda0.5_per_s,FastVCG,0.9497305995789093,0.9487979186194946,0.9506638362195925,17500
0.0,INTERNET-100,revenue_ratio,LIA_lambda0.5_per_s,HoldBack,-7.7765671914393e-05,-0.0001107937864144049,-4.463144862290138e-05,17500
0.0,INTERNET-100,revenue_ratio,LIA_lambda0.5_per_s,SyncVCG,-7.7765671914393e-05,-0.00011071092556490326,-4.573611128627113e-05,17500
0.0,INTERNET-100,revenue_ratio,LIA_lambda1_per_s,BatchVCG_B10ms,0.052228610293972806,0.05074507687210475,0.05373406567661782,17500
0.0,INTERNET-100,revenue_ratio,LIA_lambda1_per_s,BatchVCG_B1ms,0.7923972066116088,0.7885206802406333,0.7962957648240387,17500
0.0,INTERNET-100,revenue_ratio,LIA_lambda1_per_s,BatchVCG_B20ms,-0.00028646278446015327,-0.00035074780674558515,-0.00022303421044746327,17500
0.0,INTERNET-100,revenue_ratio,LIA_lambda1_per_s,BatchVCG_B50ms,-0.00028646278446015327,-0.0003499023788837264,-0.00022227530929128743,17500
0.0,INTERNET-100,revenue_ratio,LIA_lambda1_per_s,BatchVCG_B5ms,0.31243071660302685,0.30845677264201776,0.31641276849274236,17500
0.0,INTERNET-100,revenue_ratio,LIA_lambda1_per_s,FastVCG,0.9495219024663635,0.9485687929670014,0.9504422761077554,17500
0.0,INTERNET-100,revenue_ratio,LIA_lambda1_per_s,HoldBack,-0.00028646278446015327,-0.0003504525286600882,-0.00022239975180655304,17500
0.0,INTERNET-100,revenue_ratio,LIA_lambda1_per_s,SyncVCG,-0.00028646278446015327,-0.00035019811359265294,-0.00022264286766825365,17500
0.0,INTERNET-100,revenue_ratio,LIA_lambda2_per_s,BatchVCG_B10ms,0.051524643906162654,0.05002290298381251,0.05300965841074018,17500
0.0,INTERNET-100,revenue_ratio,LIA_lambda2_per_s,BatchVCG_B1ms,0.7916932402237986,0.7878627619673254,0.795567950849803,17500
0.0,INTERNET-100,revenue_ratio,LIA_lambda2_per_s,BatchVCG_B20ms,-0.0009904291722703103,-0.0011106561263524205,-0.000867270657556744,17500
0.0,INTERNET-100,revenue_ratio,LIA_lambda2_per_s,BatchVCG_B50ms,-0.0009904291722703103,-0.0011123216007302935,-0.0008710930608333111,17500
0.0,INTERNET-100,revenue_ratio,LIA_lambda2_per_s,BatchVCG_B5ms,0.3117267502152168,0.30769228358566275,0.3157531089517496,17500
0.0,INTERNET-100,revenue_ratio,LIA_lambda2_per_s,FastVCG,0.9488179360785534,0.9478792723021344,0.9497662244243648,17500
0.0,INTERNET-100,revenue_ratio,LIA_lambda2_per_s,HoldBack,-0.0009904291722703103,-0.0011114933048252563,-0.0008710812825987108,17500
0.0,INTERNET-100,revenue_ratio,LIA_lambda2_per_s,SyncVCG,-0.0009904291722703103,-0.0011112322707739048,-0.0008702711394660174,17500
0.0,INTERNET-100,clearing_latency_ms,LIA_lambda0.5_per_s,BatchVCG_B10ms,2.110621894189601,2.0839959859234205,2.137334702284559,17500
0.0,INTERNET-100,clearing_latency_ms,LIA_lambda0.5_per_s,BatchVCG_B1ms,10.792465474746438,10.757638656224552,10.826854788960338,17500
0.0,INTERNET-100,clearing_latency_ms,LIA_lambda0.5_per_s,BatchVCG_B20ms,-0.17352516406273258,-0.1780987598638001,-0.1689473942828807,17500
0.0,INTERNET-100,clearing_latency_ms,LIA_lambda0.5_per_s,BatchVCG_B50ms,-0.1734664638519186,-0.17800474016773477,-0.1689755691633396,17500
0.0,INTERNET-100,clearing_latency_ms,LIA_lambda0.5_per_s,BatchVCG_B5ms,6.795686267687779,6.761536898064239,6.831007993132319,17500
0.0,INTERNET-100,clearing_latency_ms,LIA_lambda0.5_per_s,FastVCG,11.79251269372564,11.758066667167203,11.827149834158437,17500
0.0,INTERNET-100,clearing_latency_ms,LIA_lambda0.5_per_s,HoldBack,-0.17255525606209732,-0.17713096479438917,-0.16799180596145594,17500
0.0,INTERNET-100,clearing_latency_ms,LIA_lambda0.5_per_s,SyncVCG,-0.17344302297494293,-0.1781114196324167,-0.16888659008494092,17500
0.0,INTERNET-100,clearing_latency_ms,LIA_lambda1_per_s,BatchVCG_B10ms,2.1104529767483924,2.084064414267059,2.137317757917142,17500
0.0,INTERNET-100,clearing_latency_ms,LIA_lambda1_per_s,BatchVCG_B1ms,10.79229655730523,10.757132790041448,10.825666336997545,17500
0.0,INTERNET-100,clearing_latency_ms,LIA_lambda1_per_s,BatchVCG_B20ms,-0.17369408150394103,-0.1782400568229598,-0.16918627618285964,17500
0.0,INTERNET-100,clearing_latency_ms,LIA_lambda1_per_s,BatchVCG_B50ms,-0.17363538129312706,-0.17820959752561272,-0.1691212129009088,17500
0.0,INTERNET-100,clearing_latency_ms,LIA_lambda1_per_s,BatchVCG_B5ms,6.795517350246571,6.760338364125706,6.830548175389935,17500
0.0,INTERNET-100,clearing_latency_ms,LIA_lambda1_per_s,FastVCG,11.792343776284433,11.75775839294387,11.826890443687246,17500
0.0,INTERNET-100,clearing_latency_ms,LIA_lambda1_per_s,HoldBack,-0.17272417350330577,-0.17732221117207977,-0.16811318270742615,17500
0.0,INTERNET-100,clearing_latency_ms,LIA_lambda1_per_s,SyncVCG,-0.17361194041615138,-0.17821878632298593,-0.16908560340463438,17500
0.0,INTERNET-100,clearing_latency_ms,LIA_lambda2_per_s,BatchVCG_B10ms,2.110396968738354,2.0838032891989116,2.1368500081944144,17500
0.0,INTERNET-100,clearing_latency_ms,LIA_lambda2_per_s,BatchVCG_B1ms,10.79224054929519,10.757509461550267,10.827070081552254,17500
0.0,INTERNET-100,clearing_latency_ms,LIA_lambda2_per_s,BatchVCG_B20ms,-0.17375008951397933,-0.1783778235398575,-0.16924368332951267,17500
0.0,INTERNET-100,clearing_latency_ms,LIA_lambda2_per_s,BatchVCG_B50ms,-0.17369138930316536,-0.17827864033562776,-0.16911182008136644,17500
0.0,INTERNET-100,clearing_latency_ms,LIA_lambda2_per_s,BatchVCG_B5ms,6.795461342236533,6.760609133476782,6.830502443104356,17500
0.0,INTERNET-100,clearing_latency_ms,LIA_lambda2_per_s,FastVCG,11.792287768274395,11.757647257360082,11.826315312564729,17500
0.0,INTERNET-100,clearing_latency_ms,LIA_lambda2_per_s,HoldBack,-0.17278018151334407,-0.17737180766470206,-0.1682297252106914,17500
0.0,INTERNET-100,clearing_latency_ms,LIA_lambda2_per_s,SyncVCG,-0.1736679484261897,-0.17820887651461034,-0.16899026377161513,17500
0.0,INTERNET-100,effective_welfare,LIA_lambda0.5_per_s,BatchVCG_B10ms,24.319702539438516,23.419171326728385,25.209893207875485,17500
0.0,INTERNET-100,effective_welfare,LIA_lambda0.5_per_s,BatchVCG_B1ms,378.0029623799644,373.7763695495111,382.2809118838793,17500
0.0,INTERNET-100,effective_welfare,LIA_lambda0.5_per_s,BatchVCG_B20ms,-0.020214271935156267,-0.024679570138221658,-0.015812723393409677,17500
0.0,INTERNET-100,effective_welfare,LIA_lambda0.5_per_s,BatchVCG_B50ms,-0.020219884394846586,-0.02465007077640305,-0.015786550484562335,17500
0.0,INTERNET-100,effective_welfare,LIA_lambda0.5_per_s,BatchVCG_B5ms,147.60430578589663,144.89439096705294,150.36178794587363,17500
0.0,INTERNET-100,effective_welfare,LIA_lambda0.5_per_s,FastVCG,453.46965041965245,449.2142622434969,457.8669895416027,17500
0.0,INTERNET-100,effective_welfare,LIA_lambda0.5_per_s,HoldBack,-0.02030750844902039,-0.024831505404011408,-0.01601456024245478,17500
0.0,INTERNET-100,effective_welfare,LIA_lambda0.5_per_s,SyncVCG,-0.02022192532852804,-0.02473170917222566,-0.01587920214796539,17500
0.0,INTERNET-100,effective_welfare,LIA_lambda1_per_s,BatchVCG_B10ms,24.218937552896417,23.302249326081927,25.11373205056502,17500
0.0,INTERNET-100,effective_welfare,LIA_lambda1_per_s,BatchVCG_B1ms,377.9021973934222,373.59068542094457,382.0589364794433,17500
0.0,INTERNET-100,effective_welfare,LIA_lambda1_per_s,BatchVCG_B20ms,-0.12097925847725255,-0.1332138181971225,-0.10912958458245747,17500
0.0,INTERNET-100,effective_welfare,LIA_lambda1_per_s,BatchVCG_B50ms,-0.12098487093694288,-0.13332354884580316,-0.10896286878019981,17500
0.0,INTERNET-100,effective_welfare,LIA_lambda1_per_s,BatchVCG_B5ms,147.50354079935454,144.7731732242255,150.23702708386512,17500
0.0,INTERNET-100,effective_welfare,LIA_lambda1_per_s,FastVCG,453.3688854331104,449.0972878331024,457.65556320523916,17500
0.0,INTERNET-100,effective_welfare,LIA_lambda1_per_s,HoldBack,-0.12107249499111669,-0.13339154491569874,-0.10955044851656054,17500
0.0,INTERNET-100,effective_welfare,LIA_lambda1_per_s,SyncVCG,-0.12098691187062434,-0.1332004407738656,-0.10914225703540839,17500
0.0,INTERNET-100,effective_welfare,LIA_lambda2_per_s,BatchVCG_B10ms,23.89324731081964,23.006639212593544,24.81306913708829,17500
0.0,INTERNET-100,effective_welfare,LIA_lambda2_per_s,BatchVCG_B1ms,377.57650715134554,373.41161688626624,381.8343677080518,17500
0.0,INTERNET-100,effective_welfare,LIA_lambda2_per_s,BatchVCG_B20ms,-0.4466695005540304,-0.47654947886659105,-0.41700201453764524,17500
0.0,INTERNET-100,effective_welfare,LIA_lambda2_per_s,BatchVCG_B50ms,-0.4466751130137207,-0.4769417618045275,-0.4175639594790547,17500
0.0,INTERNET-100,effective_welfare,LIA_lambda2_per_s,BatchVCG_B5ms,147.17785055727776,144.43433857997158,149.9026157569816,17500
0.0,INTERNET-100,effective_welfare,LIA_lambda2_per_s,FastVCG,453.0431951910336,448.76856070995973,457.309546602151,17500
0.0,INTERNET-100,effective_welfare,LIA_lambda2_per_s,HoldBack,-0.4467627370678945,-0.4758243594689095,-0.4168934674148693,17500
0.0,INTERNET-100,effective_welfare,LIA_lambda2_per_s,SyncVCG,-0.4466771539474022,-0.4771518189927462,-0.41684167772030695,17500
0.0,INTERNET-100,compute_time_s,LIA_lambda0.5_per_s,BatchVCG_B10ms,4.3237956307296245e-06,4.292869316247691e-06,4.355417459404894e-06,17500
0.0,INTERNET-100,compute_time_s,LIA_lambda0.5_per_s,BatchVCG_B1ms,5.3082594914095745e-06,5.271699519362301e-06,5.343996378360316e-06,17500
0.0,INTERNET-100,compute_time_s,LIA_lambda0.5_per_s,BatchVCG_B20ms,3.950037620961666e-06,3.921303423953109e-06,3.978664025531284e-06,17500
0.0,INTERNET-100,compute_time_s,LIA_lambda0.5_per_s,BatchVCG_B50ms,4.008737831775631e-06,3.980341344639393e-06,4.037247359686132e-06,17500
0.0,INTERNET-100,compute_time_s,LIA_lambda0.5_per_s,BatchVCG_B5ms,5.004308645480445e-06,4.968845972325653e-06,5.040061792824418e-06,17500
0.0,INTERNET-100,compute_time_s,LIA_lambda0.5_per_s,FastVCG,5.355478470612849e-06,5.319337303517387e-06,5.392537450451138e-06,17500
0.0,INTERNET-100,compute_time_s,LIA_lambda0.5_per_s,HoldBack,4.9199456215969155e-06,4.889093305350148e-06,4.9524334078055935e-06,17500
0.0,INTERNET-100,compute_time_s,LIA_lambda0.5_per_s,SyncVCG,4.0321787087512864e-06,3.9976809754235935e-06,4.066259044921026e-06,17500
0.0,INTERNET-100,compute_time_s,LIA_lambda1_per_s,BatchVCG_B10ms,4.154878189521176e-06,4.123151082478996e-06,4.187189955929561e-06,17500
0.0,INTERNET-100,compute_time_s,LIA_lambda1_per_s,BatchVCG_B1ms,5.139342050201126e-06,5.102931474102661e-06,5.176219733465197e-06,17500
0.0,INTERNET-100,compute_time_s,LIA_lambda1_per_s,BatchVCG_B20ms,3.7811201797532183e-06,3.752545119329755e-06,3.8096897029650533e-06,17500
0.0,INTERNET-100,compute_time_s,LIA_lambda1_per_s,BatchVCG_B50ms,3.839820390567183e-06,3.81184695005816e-06,3.868889063097803e-06,17500
0.0,INTERNET-100,compute_time_s,LIA_lambda1_per_s,BatchVCG_B5ms,4.835391204271998e-06,4.799732434829431e-06,4.8724123273443965e-06,17500
0.0,INTERNET-100,compute_time_s,LIA_lambda1_per_s,FastVCG,5.186561029404402e-06,5.149515695770138e-06,5.223105140695614e-06,17500
0.0,INTERNET-100,compute_time_s,LIA_lambda1_per_s,HoldBack,4.751028180388468e-06,4.718512899708003e-06,4.7829786057783555e-06,17500
0.0,INTERNET-100,compute_time_s,LIA_lambda1_per_s,SyncVCG,3.863261267542839e-06,3.828400514155094e-06,3.897689920517483e-06,17500
0.0,INTERNET-100,compute_time_s,LIA_lambda2_per_s,BatchVCG_B10ms,4.098870179482869e-06,4.066876235052145e-06,4.130881572075721e-06,17500
0.0,INTERNET-100,compute_time_s,LIA_lambda2_per_s,BatchVCG_B1ms,5.083334040162819e-06,5.0474387064709196e-06,5.119710973231122e-06,17500
0.0,INTERNET-100,compute_time_s,LIA_lambda2_per_s,BatchVCG_B20ms,3.7251121697149108e-06,3.697329318051093e-06,3.753618371140744e-06,17500
0.0,INTERNET-100,compute_time_s,LIA_lambda2_per_s,BatchVCG_B50ms,3.7838123805288756e-06,3.7559832218435725e-06,3.8121232144268496e-06,17500
0.0,INTERNET-100,compute_time_s,LIA_lambda2_per_s,BatchVCG_B5ms,4.77938319423369e-06,4.744300770939195e-06,4.814478396770677e-06,17500
0.0,INTERNET-100,compute_time_s,LIA_lambda2_per_s,FastVCG,5.130553019366094e-06,5.093948839431895e-06,5.166578281205148e-06,17500
0.0,INTERNET-100,compute_time_s,LIA_lambda2_per_s,HoldBack,4.69502017035016e-06,4.6635836846793876e-06,4.7272843927411095e-06,17500
0.0,INTERNET-100,compute_time_s,LIA_lambda2_per_s,SyncVCG,3.8072532575045315e-06,3.7725005556629705e-06,3.841484245411786e-06,17500
0.0,DSN-30,welfare_ratio,LIA_lambda0.5_per_s,BatchVCG_B10ms,0.3633751815234561,0.3581633635791363,0.36856194736566467,17500
0.0,DSN-30,welfare_ratio,LIA_lambda0.5_per_s,BatchVCG_B1ms,0.3633795531268356,0.35825584093442864,0.3686532863993173,17500
0.0,DSN-30,welfare_ratio,LIA_lambda0.5_per_s,BatchVCG_B20ms,0.3633751815234561,0.35814800622575543,0.36851918210505863,17500
0.0,DSN-30,welfare_ratio,LIA_lambda0.5_per_s,BatchVCG_B50ms,0.363285003562037,0.3580056437306633,0.368489902375389,17500
0.0,DSN-30,welfare_ratio,LIA_lambda0.5_per_s,BatchVCG_B5ms,0.3633795531268356,0.358148206555499,0.368542912250015,17500
0.0,DSN-30,welfare_ratio,LIA_lambda0.5_per_s,FastVCG,0.3633795531268356,0.3582546602017033,0.36856308640674873,17500
0.0,DSN-30,welfare_ratio,LIA_lambda0.5_per_s,HoldBack,-0.11089960240005683,-0.11336063628989812,-0.10841872027314128,17500
0.0,DSN-30,welfare_ratio,LIA_lambda0.5_per_s,SyncVCG,-0.11089960240005683,-0.11337719187553838,-0.10848370029341059,17500
0.0,DSN-30,welfare_ratio,LIA_lambda1_per_s,BatchVCG_B10ms,0.3629375993027603,0.35768194000401893,0.3681471522473016,17500
0.0,DSN-30,welfare_ratio,LIA_lambda1_per_s,BatchVCG_B1ms,0.36294197090613983,0.3578143643381161,0.3680654198460308,17500
0.0,DSN-30,welfare_ratio,LIA_lambda1_per_s,BatchVCG_B20ms,0.3629375993027603,0.35782739046876266,0.3681192938119474,17500
0.0,DSN-30,welfare_ratio,LIA_lambda1_per_s,BatchVCG_B50ms,0.36284742134134124,0.35776888391800726,0.3679857442201617,17500
0.0,DSN-30,welfare_ratio,LIA_lambda1_per_s,BatchVCG_B5ms,0.36294197090613983,0.35785799478004154,0.3681093025543114,17500
0.0,DSN-30,welfare_ratio,LIA_lambda1_per_s,FastVCG,0.36294197090613983,0.3576572658938272,0.3679521417911764,17500
0.0,DSN-30,welfare_ratio,LIA_lambda1_per_s,HoldBack,-0.11133718462075265,-0.11377878448591972,-0.10886537500133874,17500
0.0,DSN-30,welfare_ratio,LIA_lambda1_per_s,SyncVCG,-0.11133718462075265,-0.11387595738011275,-0.10882126902484471,17500
0.0,DSN-30,welfare_ratio,LIA_lambda2_per_s,BatchVCG_B10ms,0.36236271359483263,0.35724871463858004,0.3673573349896435,17500
0.0,DSN-30,welfare_ratio,LIA_lambda2_per_s,BatchVCG_B1ms,0.36236708519821215,0.35725793315476023,0.36746857774254343,17500
0.0,DSN-30,welfare_ratio,LIA_lambda2_per_s,BatchVCG_B20ms,0.36236271359483263,0.35725202488061913,0.3675715312401624,17500
0.0,DSN-30,welfare_ratio,LIA_lambda2_per_s,BatchVCG_B50ms,0.36227253563341355,0.3571903671140383,0.36756040023806985,17500
0.0,DSN-30,welfare_ratio,LIA_lambda2_per_s,BatchVCG_B5ms,0.36236708519821215,0.35725897448895466,0.36756460045028516,17500
0.0,DSN-30,welfare_ratio,LIA_lambda2_per_s,FastVCG,0.36236708519821215,0.357322823372919,0.36759033109506606,17500
0.0,DSN-30,welfare_ratio,LIA_lambda2_per_s,HoldBack,-0.11191207032868034,-0.11438324461718238,-0.10947878749619144,17500
0.0,DSN-30,welfare_ratio,LIA_lambda2_per_s,SyncVCG,-0.11191207032868034,-0.11436595450604345,-0.10945829695010824,17500
0.0,DSN-30,revenue_ratio,LIA_lambda0.5_per_s,BatchVCG_B10ms,0.7282083116786952,0.7244834158131277,0.7319883606174898,17500
0.0,DSN-30,revenue_ratio,LIA_lambda0.5_per_s,BatchVCG_B1ms,0.7282983540103066,0.7245891558360256,0.7320814519851204,17500
0.0,DSN-30,revenue_ratio,LIA_lambda0.5_per_s,BatchVCG_B20ms,0.7281689185357794,0.7244174238060684,0.7318969190733542,17500
0.0,DSN-30,revenue_ratio,LIA_lambda0.5_per_s,BatchVCG_B50ms,0.7280081819408799,0.7242737240022595,0.7317850696917948,17500
0.0,DSN-30,revenue_ratio,LIA_lambda0.5_per_s,BatchVCG_B5ms,0.7282983540103066,0.7245334796649752,0.7320157663305911,17500
0.0,DSN-30,revenue_ratio,LIA_lambda0.5_per_s,FastVCG,0.7282983540103066,0.7244337773218399,0.7319995133740937,17500
0.0,DSN-30,revenue_ratio,LIA_lambda0.5_per_s,HoldBack,-0.21866246544664547,-0.22203421599540465,-0.2153026648171414,17500
0.0,DSN-30,revenue_ratio,LIA_lambda0.5_per_s,SyncVCG,-0.21866246544664547,-0.22208568555970978,-0.21516210372392502,17500
0.0,DSN-30,revenue_ratio,LIA_lambda1_per_s,BatchVCG_B10ms,0.7273714480138328,0.7235297796622032,0.7311176640365806,17500
0.0,DSN-30,revenue_ratio,LIA_lambda1_per_s,BatchVCG_B1ms,0.727461490345444,0.7236298273132622,0.7311041577330849,17500
0.0,DSN-30,revenue_ratio,LIA_lambda1_per_s,BatchVCG_B20ms,0.7273320548709169,0.7235756857433244,0.7310099474122852,17500
0.0,DSN-30,revenue_ratio,LIA_lambda1_per_s,BatchVCG_B50ms,0.7271713182760174,0.7233332318718105,0.7309412986077806,17500
0.0,DSN-30,revenue_ratio,LIA_lambda1_per_s,BatchVCG_B5ms,0.727461490345444,0.7236725020428487,0.7312074610972804,17500
0.0,DSN-30,revenue_ratio,LIA_lambda1_per_s,FastVCG,0.727461490345444,0.72371280943028,0.7312431332652962,17500
0.0,DSN-30,revenue_ratio,LIA_lambda1_per_s,HoldBack,-0.21949932911150788,-0.22295538202069998,-0.21602181956795835,17500
0.0,DSN-30,revenue_ratio,LIA_lambda1_per_s,SyncVCG,-0.21949932911150788,-0.22301753463155985,-0.21596359741879023,17500
0.0,DSN-30,revenue_ratio,LIA_lambda2_per_s,BatchVCG_B10ms,0.7261743504646324,0.7224049414817153,0.7299122066014538,17500
0.0,DSN-30,revenue_ratio,LIA_lambda2_per_s,BatchVCG_B1ms,0.7262643927962437,0.7224267173055483,0.7301023764721548,17500
0.0,DSN-30,revenue_ratio,LIA_lambda2_per_s,BatchVCG_B20ms,0.7261349573217166,0.7222956019943174,0.7298722374095862,17500
0.0,DSN-30,revenue_ratio,LIA_lambda2_per_s,BatchVCG_B50ms,0.7259742207268172,0.7221905962198736,0.7297500194475914,17500
0.0,DSN-30,revenue_ratio,LIA_lambda2_per_s,BatchVCG_B5ms,0.7262643927962437,0.7224745532895221,0.7300147901628727,17500
0.0,DSN-30,revenue_ratio,LIA_lambda2_per_s,FastVCG,0.7262643927962437,0.7224515120022202,0.7299635708026647,17500
0.0,DSN-30,revenue_ratio,LIA_lambda2_per_s,HoldBack,-0.2206964266607082,-0.22421799192258038,-0.21719961099615823,17500
0.0,DSN-30,revenue_ratio,LIA_lambda2_per_s,SyncVCG,-0.2206964266607082,-0.22414982130488922,-0.21729240403128403,17500
0.0,DSN-30,clearing_latency_ms,LIA_lambda0.5_per_s,BatchVCG_B10ms,1075633.7688515808,1073631.1111212866,1077676.3840654555,17500
0.0,DSN-30,clearing_latency_ms,LIA_lambda0.5_per_s,BatchVCG_B1ms,1075642.7688109416,1073623.5062698098,1077590.0759059673,17500
0.0,DSN-30,clearing_latency_ms,LIA_lambda0.5_per_s,BatchVCG_B20ms,1075623.7688354615,1073609.5398598225,1077607.8116339243,17500
0.0,DSN-30,clearing_latency_ms,LIA_lambda0.5_per_s,BatchVCG_B50ms,1075593.7688627413,1073587.2258296749,1077569.34047787,17500
0.0,DSN-30,clearing_latency_ms,LIA_lambda0.5_per_s,BatchVCG_B5ms,1075638.7688403365,1073626.5667279274,1077652.8780911965,17500
0.0,DSN-30,clearing_latency_ms,LIA_lambda0.5_per_s,FastVCG,1075643.7687943822,1073641.1796076293,1077647.9080915311,17500
0.0,DSN-30,clearing_latency_ms,LIA_lambda0.5_per_s,HoldBack,-624.0711705244044,-766.1194905206871,-493.5926440092744,17500
0.0,DSN-30,clearing_latency_ms,LIA_lambda0.5_per_s,SyncVCG,-624.0720321166026,-765.2233205270736,-494.8200278346511,17500
0.0,DSN-30,clearing_latency_ms,LIA_lambda1_per_s,BatchVCG_B10ms,1075633.7686726614,1073678.0086369533,1077584.5975679487,17500
0.0,DSN-30,clearing_latency_ms,LIA_lambda1_per_s,BatchVCG_B1ms,1075642.7686320222,1073637.371260064,1077653.585389925,17500
0.0,DSN-30,clearing_latency_ms,LIA_lambda1_per_s,BatchVCG_B20ms,1075623.768656542,1073610.352809624,1077620.7998390046,17500
0.0,DSN-30,clearing_latency_ms,LIA_lambda1_per_s,BatchVCG_B50ms,1075593.7686838221,1073583.3530204163,1077578.5309401595,17500
0.0,DSN-30,clearing_latency_ms,LIA_lambda1_per_s,BatchVCG_B5ms,1075638.7686614173,1073671.1368595655,1077622.4307824466,17500
0.0,DSN-30,clearing_latency_ms,LIA_lambda1_per_s,FastVCG,1075643.7686154628,1073671.8671132412,1077633.7112798903,17500
0.0,DSN-30,clearing_latency_ms,LIA_lambda1_per_s,HoldBack,-624.0713494436579,-763.7920969388472,-493.9784389115365,17500
0.0,DSN-30,clearing_latency_ms,LIA_lambda1_per_s,SyncVCG,-624.0722110358563,-763.0689589663023,-497.0299832002524,17500
0.0,DSN-30,clearing_latency_ms,LIA_lambda2_per_s,BatchVCG_B10ms,1075633.7686413096,1073618.5177104317,1077635.3093250298,17500
0.0,DSN-30,clearing_latency_ms,LIA_lambda2_per_s,BatchVCG_B1ms,1075642.7686006702,1073599.424778386,1077668.2537175938,17500
0.0,DSN-30,clearing_latency_ms,LIA_lambda2_per_s,BatchVCG_B20ms,1075623.76862519,1073630.8219991345,1077643.9086818574,17500
0.0,DSN-30,clearing_latency_ms,LIA_lambda2_per_s,BatchVCG_B50ms,1075593.76865247,1073562.2191549882,1077626.6830409677,17500
0.0,DSN-30,clearing_latency_ms,LIA_lambda2_per_s,BatchVCG_B5ms,1075638.7686300653,1073612.1796323752,1077668.806430166,17500
0.0,DSN-30,clearing_latency_ms,LIA_lambda2_per_s,FastVCG,1075643.7685841108,1073634.6156018674,1077574.6134341608,17500
0.0,DSN-30,clearing_latency_ms,LIA_lambda2_per_s,HoldBack,-624.0713807957543,-762.5523621809159,-492.23283246384597,17500
0.0,DSN-30,clearing_latency_ms,LIA_lambda2_per_s,SyncVCG,-624.0722423879527,-764.5180337094656,-494.76935371624006,17500
0.0,DSN-30,effective_welfare,LIA_lambda0.5_per_s,BatchVCG_B10ms,-47.18034606668573,-48.9880576373442,-45.42620838996563,17500
0.0,DSN-30,effective_welfare,LIA_lambda0.5_per_s,BatchVCG_B1ms,-47.222827401947974,-49.04357645572021,-45.422208769445405,17500
0.0,DSN-30,effective_welfare,LIA_lambda0.5_per_s,BatchVCG_B20ms,-47.13318936246213,-48.95552415200591,-45.34741022546403,17500
0.0,DSN-30,effective_welfare,LIA_lambda0.5_per_s,BatchVCG_B50ms,-46.99394350918783,-48.813897548390145,-45.23063401951492,17500
0.0,DSN-30,effective_welfare,LIA_lambda0.5_per_s,BatchVCG_B5ms,-47.20394221871161,-49.02553451519809,-45.385421925796564,17500
0.0,DSN-30,effective_welfare,LIA_lambda0.5_per_s,FastVCG,-47.22754985884327,-49.09803995125255,-45.43536646429584,17500
0.0,DSN-30,effective_welfare,LIA_lambda0.5_per_s,HoldBack,3.7672477691276296e-33,1.6970989129226904e-38,1.1213719961405719e-32,17500
0.0,DSN-30,effective_welfare,LIA_lambda0.5_per_s,SyncVCG,3.7672477691276317e-33,1.4249510149013082e-38,1.1184434436348902e-32,17500
0.0,DSN-30,effective_welfare,LIA_lambda1_per_s,BatchVCG_B10ms,-47.18034606668573,-48.98308871213235,-45.37887876242165,17500
0.0,DSN-30,effective_welfare,LIA_lambda1_per_s,BatchVCG_B1ms,-47.222827401947974,-49.004629293761305,-45.44698588560357,17500
0.0,DSN-30,effective_welfare,LIA_lambda1_per_s,BatchVCG_B20ms,-47.13318936246213,-48.9064919709795,-45.349642460303244,17500
0.0,DSN-30,effective_welfare,LIA_lambda1_per_s,BatchVCG_B50ms,-46.99394350918783,-48.772806872915574,-45.22625035679161,17500
0.0,DSN-30,effective_welfare,LIA_lambda1_per_s,BatchVCG_B5ms,-47.20394221871161,-48.98070839509591,-45.40604073265783,17500
0.0,DSN-30,effective_welfare,LIA_lambda1_per_s,FastVCG,-47.22754985884327,-49.019146530053696,-45.46395521267802,17500
0.0,DSN-30,effective_welfare,LIA_lambda1_per_s,HoldBack,3.767247810665449e-33,1.4949566206316276e-38,1.1184042206101656e-32,17500
0.0,DSN-30,effective_welfare,LIA_lambda1_per_s,SyncVCG,3.767247810665451e-33,1.663839869338099e-38,1.1213703218093565e-32,17500
0.0,DSN-30,effective_welfare,LIA_lambda2_per_s,BatchVCG_B10ms,-47.18034606668573,-48.9731779979834,-45.42049167650101,17500
0.0,DSN-30,effective_welfare,LIA_lambda2_per_s,BatchVCG_B1ms,-47.222827401947974,-49.021854994963185,-45.445629320437945,17500
0.0,DSN-30,effective_welfare,LIA_lambda2_per_s,BatchVCG_B20ms,-47.13318936246213,-48.87921142984088,-45.29499000797476,17500
0.0,DSN-30,effective_welfare,LIA_lambda2_per_s,BatchVCG_B50ms,-46.99394350918783,-48.81945762367671,-45.200508749273396,17500
0.0,DSN-30,effective_welfare,LIA_lambda2_per_s,BatchVCG_B5ms,-47.20394221871161,-49.05730811256086,-45.41761767735027,17500
0.0,DSN-30,effective_welfare,LIA_lambda2_per_s,FastVCG,-47.22754985884327,-49.02071164742623,-45.457232663853844,17500
0.0,DSN-30,effective_welfare,LIA_lambda2_per_s,HoldBack,3.767247806853743e-33,1.6616213384958934e-38,1.1184034744524357e-32,17500
0.0,DSN-30,effective_welfare,LIA_lambda2_per_s,SyncVCG,3.7672478068537454e-33,1.662888834572544e-38,1.1184029922505881e-32,17500
0.0,DSN-30,compute_time_s,LIA_lambda0.5_per_s,BatchVCG_B10ms,5.356647453403899e-06,5.318999147940693e-06,5.393928081861564e-06,17500
0.0,DSN-30,compute_time_s,LIA_lambda0.5_per_s,BatchVCG_B1ms,5.316008328061019e-06,5.278683376298952e-06,5.353098384470546e-06,17500
0.0,DSN-30,compute_time_s,LIA_lambda0.5_per_s,BatchVCG_B20ms,5.340528148891671e-06,5.302233467643549e-06,5.378318848254691e-06,17500
0.0,DSN-30,compute_time_s,LIA_lambda0.5_per_s,BatchVCG_B50ms,5.367808177002838e-06,5.330658853885585e-06,5.404463285480493e-06,17500
0.0,DSN-30,compute_time_s,LIA_lambda0.5_per_s,BatchVCG_B5ms,5.3454032367361445e-06,5.308526718623137e-06,5.38375595634404e-06,17500
0.0,DSN-30,compute_time_s,LIA_lambda0.5_per_s,FastVCG,5.299448794020074e-06,5.26156995645059e-06,5.3358588203056045e-06,17500
0.0,DSN-30,compute_time_s,LIA_lambda0.5_per_s,HoldBack,4.81996445783547e-06,4.787318390361698e-06,4.854022175838639e-06,17500
0.0,DSN-30,compute_time_s,LIA_lambda0.5_per_s,SyncVCG,3.958372259512543e-06,3.914272888297481e-06,3.999442761996761e-06,17500
0.0,DSN-30,compute_time_s,LIA_lambda1_per_s,BatchVCG_B10ms,5.177728199799146e-06,5.141519675131089e-06,5.213361259749425e-06,17500
0.0,DSN-30,compute_time_s,LIA_lambda1_per_s,BatchVCG_B1ms,5.137089074456266e-06,5.101803870472525e-06,5.1721454674511084e-06,17500
0.0,DSN-30,compute_time_s,LIA_lambda1_per_s,BatchVCG_B20ms,5.161608895286918e-06,5.124622370016629e-06,5.197123015199655e-06,17500
0.0,DSN-30,compute_time_s,LIA_lambda1_per_s,BatchVCG_B50ms,5.188888923398086e-06,5.152637893167723e-06,5.2247320814058185e-06,17500
0.0,DSN-30,compute_time_s,LIA_lambda1_per_s,BatchVCG_B5ms,5.166483983131391e-06,5.130562534156655e-06,5.2025335935676204e-06,17500
0.0,DSN-30,compute_time_s,LIA_lambda1_per_s,FastVCG,5.120529540415321e-06,5.084953848106255e-06,5.155931093696771e-06,17500
0.0,DSN-30,compute_time_s,LIA_lambda1_per_s,HoldBack,4.6410452042307176e-06,4.610169972792002e-06,4.672939789681031e-06,17500
0.0,DSN-30,compute_time_s,LIA_lambda1_per_s,SyncVCG,3.779453005907791e-06,3.7368037280560074e-06,3.818533326931564e-06,17500
0.0,DSN-30,compute_time_s,LIA_lambda2_per_s,BatchVCG_B10ms,5.146376103428858e-06,5.108700887067244e-06,5.182622033503971e-06,17500
0.0,DSN-30,compute_time_s,LIA_lambda2_per_s,BatchVCG_B1ms,5.105736978085977e-06,5.069959405643333e-06,5.1423546889730325e-06,17500
0.0,DSN-30,compute_time_s,LIA_lambda2_per_s,BatchVCG_B20ms,5.1302567989166294e-06,5.094099687412381e-06,5.166409318834277e-06,17500
0.0,DSN-30,compute_time_s,LIA_lambda2_per_s,BatchVCG_B50ms,5.157536827027798e-06,5.1218618863328755e-06,5.193397352205855e-06,17500
0.0,DSN-30,compute_time_s,LIA_lambda2_per_s,BatchVCG_B5ms,5.135131886761103e-06,5.098673641249272e-06,5.173107997979969e-06,17500
0.0,DSN-30,compute_time_s,LIA_lambda2_per_s,FastVCG,5.089177444045033e-06,5.052395544480533e-06,5.125107376536887e-06,17500
0.0,DSN-30,compute_time_s,LIA_lambda2_per_s,HoldBack,4.6096931078604285e-06,4.5775852801411275e-06,4.641671090752684e-06,17500
0.0,DSN-30,compute_time_s,LIA_lambda2_per_s,SyncVCG,3.7481009095375025e-06,3.7038411334755697e-06,3.789341673088659e-06,17500
