eps_ms,topology,mechanism,n_instances,feasible_fraction_mean,feasible_fraction_ci_low,feasible_fraction_ci_high,feasible_fraction_n,feasible_opt_coverage_mean,feasible_opt_coverage_ci_low,feasible_opt_coverage_ci_high,feasible_opt_coverage_n,welfare_ratio_mean,welfare_ratio_ci_low,welfare_ratio_ci_high,welfare_ratio_n,welfare_ratio_all_mean,welfare_ratio_all_ci_low,welfare_ratio_all_ci_high,welfare_ratio_all_n,welfare_ratio_feasible_mean,welfare_ratio_feasible_ci_low,welfare_ratio_feasible_ci_high,welfare_ratio_feasible_n,revenue_ratio_mean,revenue_ratio_ci_low,revenue_ratio_ci_high,revenue_ratio_n,revenue_ratio_all_mean,revenue_ratio_all_ci_low,revenue_ratio_all_ci_high,revenue_ratio_all_n,revenue_ratio_feasible_mean,revenue_ratio_feasible_ci_low,revenue_ratio_feasible_ci_high,revenue_ratio_feasible_n,compute_time_s_mean,compute_time_s_ci_low,compute_time_s_ci_high,compute_time_s_n,clearing_latency_ms_mean,clearing_latency_ms_ci_low,clearing_latency_ms_ci_high,clearing_latency_ms_n,effective_welfare_mean,effective_welfare_ci_low,effective_welfare_ci_high,effective_welfare_n,clique_number_w_mean,clique_number_w_ci_low,clique_number_w_ci_high,clique_number_w_n
0.0,DSN-30,BatchVCG_B10ms,17500,0.9311286666666668,0.9303196761904762,0.9319334333333332,17500,0.9964688075475229,0.9961546461929326,0.9967763367927147,17500,0.52219402362401,0.5177520871397642,0.5266596954150009,17500,0.52219402362401,0.5176798268069334,0.5265896897119984,17500,0.5240791116703871,0.5196432085171941,0.528526919775408,17500,9.004233161141334e-05,1.3258671760442393e-05,0.0002003846372050109,17500,9.004233161141334e-05,1.3258671760442393e-05,0.000199678646401766,17500,9.122329136841112e-05,1.3258671760442393e-05,0.0002032192126673534,17500,1.328399032354355e-06,1.3218699395656585e-06,1.3349939350570952e-06,17500,118465.36811661653,116484.54428951096,120455.49880330337,17500,47.18034699590574,45.37479308734092,49.00311256059622,17500,27.932971428571427,27.73737,28.130521428571427,17500
0.0,DSN-30,BatchVCG_B1ms,17500,0.9311286666666668,0.9303305619047619,0.9319195404761905,17500,0.9964688075475229,0.9961536338154681,0.9967790042595541,17500,0.5221896520206305,0.5177748808424087,0.5265607166008296,17500,0.5221896520206305,0.5177362206377925,0.5264480909938695,17500,0.5240747400670075,0.5196946010753464,0.5286056764863138,17500,0.0,0.0,0.0,17500,0.0,0.0,0.0,17500,0.0,0.0,0.0,17500,1.3735208128179822e-06,1.3672975676932505e-06,1.3799721654504537e-06,17500,118456.3681617383,116497.30675421125,120437.52952042685,17500,47.22282822280381,45.43975545115046,49.03049810955933,17500,27.932971428571427,27.74114,28.126931428571428,17500
0.0,DSN-30,BatchVCG_B20ms,17500,0.9311286666666668,0.9303283809523809,0.9319447738095239,17500,0.9964688075475229,0.9961494186868567,0.9967774475412311,17500,0.52219402362401,0.5176769588674545,0.5265499118172813,17500,0.52219402362401,0.517774676941041,0.526649793690957,17500,0.5240791116703871,0.5197210775981466,0.5284760417982018,17500,0.00012943547452712344,3.110663975361416e-05,0.0002512941444770777,17500,0.00012943547452712344,3.5407246956989684e-05,0.00025391008823243496,17500,0.0001306164342841212,3.072309767021432e-05,0.0002579039152023514,17500,1.3509396995816912e-06,1.344085998300995e-06,1.3579543413860457e-06,17500,118475.36813915722,116490.34107769492,120451.0586081758,17500,47.13319012776857,45.34380122638706,48.95365799512405,17500,27.932971428571427,27.736965714285716,28.129605714285713,17500
0.0,DSN-30,BatchVCG_B50ms,17500,0.9311286666666668,0.9303135166666666,0.9319181047619048,17500,0.9964688075475229,0.9961453869527633,0.9967745599065677,17500,0.5222842015854291,0.5178597971530736,0.5267059667027858,17500,0.5222842015854291,0.5178755589678758,0.526786487404844,17500,0.5241693524473302,0.5197086224840939,0.5286568402494679,17500,0.00029017206942663154,0.0001338685462330324,0.00047847949581735855,17500,0.00029017206942663154,0.00013387969339387617,0.0004800437201934055,17500,0.0002927184263369712,0.00013382768650767353,0.000480776548085268,17500,1.3183511793613434e-06,1.3116487208753825e-06,1.3251522183418273e-06,17500,118505.3681065687,116532.99177539608,120495.08268041973,17500,46.993944341495855,45.19941113714545,48.788188694087225,17500,27.932971428571427,27.738958571428572,28.122347142857144,17500
0.0,DSN-30,BatchVCG_B5ms,17500,0.9311286666666668,0.9303476142857142,0.9319223095238096,17500,0.9964688075475229,0.9961460599853927,0.9967806114201676,17500,0.5221896520206305,0.5176572435506759,0.5266201154393642,17500,0.5221896520206305,0.5178064979430258,0.5266730282563746,17500,0.5240747400670075,0.5196001962542709,0.5285027416210399,17500,0.0,0.0,0.0,17500,0.0,0.0,0.0,17500,0.0,0.0,0.0,17500,1.3414031160729273e-06,1.3344364081110272e-06,1.348608291840979e-06,17500,118460.36812962062,116491.86914473567,120422.67624787426,17500,47.2039429712645,45.38451675672884,48.971576159756694,17500,27.932971428571427,27.734512857142857,28.130578571428572,17500
0.0,DSN-30,FastVCG,17500,0.9311286666666668,0.9303064619047618,0.9319082857142857,17500,0.9964688075475229,0.9961448676684953,0.996780548262158,17500,0.5221896520206305,0.5177567830215407,0.526664817907947,17500,0.5221896520206305,0.5177761855541643,0.5266066314663163,17500,0.5240747400670075,0.5195832922191215,0.5284753642890397,17500,0.0,0.0,0.0,17500,0.0,0.0,0.0,17500,0.0,0.0,0.0,17500,1.3794599899223872e-06,1.3729384288723979e-06,1.385808370209166e-06,17500,118455.3681676775,116497.01096683065,120452.65526185987,17500,47.22755072180994,45.42617910125642,49.04083384704467,17500,27.932971428571427,27.73371142857143,28.127147142857144,17500
0.0,DSN-30,HoldBack,17500,0.9311286666666668,0.9303149357142856,0.9319291500000001,17500,0.9964688075475229,0.9961441895219842,0.9967772266217714,17500,0.9964688075475229,0.9961466601002944,0.9967808521643656,17500,0.9964688075475229,0.9961524866638796,0.9967730750361987,17500,1.0,1.0,1.0,17500,0.9469608194569521,0.9459503681887967,0.9479755103032993,17500,0.9469608194569521,0.9459423222405544,0.9479447741269286,17500,0.9502165241892848,0.9492849063656964,0.9511445364289647,17500,1.7936942832810538e-06,1.7823899191405093e-06,1.8045860755124262e-06,17500,1194723.208067334,1194601.026529064,1194834.2396492427,17500,9.711459076068222e-41,3.2083865100571034e-43,2.8482332233575728e-40,17500,27.932971428571427,27.73582857142857,28.133951428571425,17500
0.0,DSN-30,LIA_lambda0.5_per_s,17500,0.9311286666666668,0.9303278857142858,0.931922311904762,17500,0.9964688075475229,0.9961497478825385,0.996784650357517,17500,0.8855692051474662,0.8830475173949603,0.8880019575637967,17500,0.8855692051474662,0.8829998823361436,0.8880758942496374,17500,0.8885133429928872,0.8860820634345347,0.8909810252011892,17500,0.7282983540103064,0.7245743933567962,0.732096567615599,17500,0.7282983540103064,0.724442564755688,0.7320083687242903,17500,0.7303493195395391,0.7266070306997787,0.7341866015680242,17500,5.961924897772926e-06,5.92484140369509e-06,5.998561967696463e-06,17500,1194099.1362450758,1193864.7131379745,1194315.27946716,17500,3.7672480523155806e-33,1.6714065633333234e-38,1.1184066227241728e-32,17500,27.932971428571427,27.73713857142857,28.127774285714285,17500
0.0,DSN-30,LIA_lambda1_per_s,17500,0.9311286666666668,0.9303265595238095,0.9319398309523811,17500,0.9964688075475229,0.9961507276954261,0.9967827813578884,17500,0.8851316229267703,0.8826420835011958,0.8876420037504882,17500,0.8851316229267703,0.8826429197792113,0.8875728369105147,17500,0.888074630677057,0.8855980419037676,0.8904697965179623,17500,0.7274614903454442,0.7237377095648929,0.7311457117049383,17500,0.7274614903454442,0.7236992943995881,0.7312171325695891,17500,0.7295066029390199,0.7257811345930489,0.7333119424035773,17500,5.848575755953788e-06,5.811881544068456e-06,5.885315876720207e-06,17500,1194099.1361317267,1193871.2085550595,1194317.4220591495,17500,3.767248053106556e-33,1.6620987419962864e-38,1.1184053981751686e-32,17500,27.932971428571427,27.73857,28.13171714285714,17500
0.0,DSN-30,LIA_lambda2_per_s,17500,0.9311286666666668,0.9303231404761904,0.9319356285714286,17500,0.9964688075475229,0.9961492428109767,0.9967723933207925,17500,0.8845567372188426,0.8819984682204468,0.8870104522608875,17500,0.8845567372188426,0.8819903029978883,0.8870584130738964,17500,0.8874989417381647,0.8849995852025822,0.8900159989290267,17500,0.7262643927962437,0.7225406696156362,0.73004033324807,17500,0.7262643927962437,0.7224507856952773,0.7300045879966149,17500,0.7283035097493631,0.7245175208329512,0.732170227092147,17500,5.817120841571263e-06,5.780373751851065e-06,5.853240388844694e-06,17500,1194099.1361002717,1193863.9331953798,1194319.1197384517,17500,3.767248053482274e-33,1.6566076768863984e-38,1.1169725660618356e-32,17500,27.932971428571427,27.73930142857143,28.129887142857143,17500
0.0,DSN-30,SyncVCG,17500,0.9311286666666668,0.930327988095238,0.9319266928571429,17500,0.9964688075475229,0.996159160015348,0.9967807385765017,17500,0.9964688075475229,0.996156328118043,0.9967871799942755,17500,0.9964688075475229,0.996147692599715,0.9967757548451829,17500,1.0,1.0,1.0,17500,0.9469608194569521,0.9459571082116733,0.9479370080010467,17500,0.9469608194569521,0.945991688210941,0.9479455640960623,17500,0.9502165241892848,0.9492817727749644,0.9511635346940167,17500,2.5495094380208426e-06,2.5318204717976707e-06,2.5680023285427264e-06,17500,1194723.208823149,1194602.886531871,1194834.696468643,17500,9.711458684180449e-41,3.191795690180838e-43,2.8610402325402862e-40,17500,27.932971428571427,27.738112857142855,28.129717142857142,17500
0.0,INTERNET-100,BatchVCG_B10ms,17500,0.9501806666666667,0.9494864738095238,0.9508662904761904,17500,0.9975903176800549,0.9973168037949427,0.9978480801946424,17500,0.9718293540366459,0.9708247912785908,0.9728207406172652,17500,0.9718293540366459,0.9708131282830055,0.9728219287134113,17500,0.9741654753166047,0.9731705758338495,0.9751339373570089,17500,0.8972932921723906,0.8955803752877399,0.8990049690651386,17500,0.8972932921723906,0.8955429668813385,0.8989704847492146,17500,0.8993923152976283,0.8976428432959812,0.9011165581021033,17500,2.2869291050093513e-06,2.27427765460951e-06,2.2996969441218035e-06,17500,13.772947831137538,13.74764729572519,13.797212934841083,17500,929.2447617616851,928.010802927792,930.4941691619333,17500,28.505942857142855,28.309537142857145,28.702697142857144,17500
0.0,INTERNET-100,BatchVCG_B1ms,17500,0.9501806666666667,0.9494907595238096,0.9508739309523809,17500,0.9975903176800549,0.9973223869572406,0.9978489321937026,17500,0.6013510032820767,0.5971536985975101,0.6056590531495165,17500,0.6013510032820767,0.5969782716945802,0.6056354545333118,17500,0.6028352066187634,0.5984727062347546,0.6071604510176466,17500,0.1571246958547547,0.15327908776500374,0.16088769225457497,17500,0.1571246958547547,0.15335503199063802,0.1609262741426225,17500,0.15746379941902566,0.1536091221106209,0.16126046087602666,17500,1.4290482870170048e-06,1.4210055582225321e-06,1.4381506240793637e-06,17500,5.091230833623389,5.058553233133876,5.124223883859017,17500,575.5614835467342,571.3112693272452,579.7062963368687,17500,28.505942857142855,28.30788,28.70778,17500
0.0,INTERNET-100,BatchVCG_B20ms,17500,0.9501806666666667,0.9494906547619046,0.950856761904762,17500,0.9975903176800549,0.9973196370672189,0.9978474033814726,17500,0.9975903176800549,0.9973152035182123,0.9978500329724633,17500,0.9975903176800549,0.9973235155259514,0.9978540407021732,17500,1.0,1.0,1.0,17500,0.9498083652508237,0.9488630482879038,0.9507541076549911,17500,0.9498083652508237,0.9488689381924295,0.950740355323974,17500,0.9520552760375339,0.9511457819636536,0.95295424003596,17500,2.6646046766213007e-06,2.648396235225456e-06,2.681307727470994e-06,17500,16.057098806951714,16.052700379172876,16.061448929470178,17500,953.5846788314108,952.7643345444812,954.3982201522434,17500,28.505942857142855,28.315197142857144,28.704117142857143,17500
0.0,INTERNET-100,BatchVCG_B50ms,17500,0.9501806666666667,0.9494963761904763,0.9508567738095237,17500,0.9975903176800549,0.9973155008662549,0.9978505617678748,17500,0.9975903176800549,0.9973137719582904,0.9978566960943265,17500,0.9975903176800549,0.9973257451571061,0.9978516998102812,17500,1.0,1.0,1.0,17500,0.9498083652508237,0.9488489768526173,0.950744284222861,17500,0.9498083652508237,0.9488728270393232,0.9507404033442857,17500,0.9520552760375339,0.9511682538286348,0.9529284405286351,17500,2.6199553694043842e-06,2.604314277746848e-06,2.635891138176833e-06,17500,16.057054157644497,16.05271253452294,16.06138076568071,17500,953.5846831312722,952.7622682614171,954.4129030521741,17500,28.505942857142855,28.30433857142857,28.707261428571428,17500
0.0,INTERNET-100,BatchVCG_B5ms,17500,0.9501806666666667,0.9495111428571429,0.9508599071428571,17500,0.9975903176800549,0.9973227052781954,0.9978534235566745,17500,0.8420788564117139,0.8391850435099805,0.8449261080315057,17500,0.8420788564117139,0.8392603617199857,0.8448759533295966,17500,0.8440675905937204,0.8411311530193614,0.8469714207769569,17500,0.6370911858633366,0.6330253708928928,0.6412235741110873,17500,0.6370911858633366,0.6329644225616423,0.6410993465639424,17500,0.638476963547937,0.6343823076237112,0.6425671542642943,17500,1.6815783722060067e-06,1.6730450785585813e-06,1.6899297812155314e-06,17500,9.087958619921306,9.055943825730605,9.121321985900382,17500,805.9601487596765,803.0804284144368,808.8244661316104,17500,28.505942857142855,28.30485714285714,28.706688571428572,17500
0.0,INTERNET-100,FastVCG,17500,0.9501806666666667,0.9495091380952383,0.9508599071428573,17500,0.9975903176800549,0.9973136684946106,0.9978462642025638,17500,0.5228081336640188,0.5184511342160122,0.5272993060484475,17500,0.5228081336640188,0.5183292996829741,0.5272247352345909,17500,0.5241012342115473,0.5196187183121819,0.5286250041593077,17500,0.0,0.0,0.0,17500,0.0,0.0,0.0,17500,0.0,0.0,0.0,17500,1.3843705079385213e-06,1.3777845073491336e-06,1.3911998178809882e-06,17500,4.091186155844311,4.058824635612896,4.124407090265812,17500,500.0947937427273,495.67029506437456,504.37784384776717,17500,28.505942857142855,28.303535714285715,28.708804285714287,17500
0.0,INTERNET-100,HoldBack,17500,0.9501806666666667,0.9494985428571427,0.9508568714285716,17500,0.9975903176800549,0.9973137807982858,0.9978489741559168,17500,0.9975903176800549,0.9973227170203504,0.9978517778766329,17500,0.9975903176800549,0.997318492153134,0.9978504923066525,17500,1.0,1.0,1.0,17500,0.9498083652508237,0.9488408884340228,0.9507569213782212,17500,0.9498083652508237,0.9488687172453533,0.9507565028345328,17500,0.9520552760375339,0.9511489294832791,0.9529477320162183,17500,1.7997683158942631e-06,1.7883896841002364e-06,1.8113588940884386e-06,17500,16.056233970590988,16.051869505012103,16.060607606978802,17500,953.5847620313314,952.7310326017151,954.3962486576678,17500,28.505942857142855,28.302552857142857,28.708518571428574,17500
0.0,INTERNET-100,LIA_lambda0.5_per_s,17500,0.9501806666666667,0.949494838095238,0.9508726785714287,17500,0.9975903176800549,0.9973199736719061,0.9978499174076157,17500,0.9975528139368751,0.9972746302269171,0.9978130032370429,17500,0.9975528139368751,0.9972720017851352,0.997806143339016,17500,0.9999624397219431,0.9999577292812302,0.9999669553265116,17500,0.9497305995789093,0.9487801899212113,0.9506718174608813,17500,0.9497305995789093,0.9487792834044138,0.9506564590647341,17500,0.9519765577876533,0.951049354081402,0.9528857252334038,17500,6.050631670015199e-06,6.013349826846804e-06,6.087504702487162e-06,17500,15.883009632261414,15.875723209555797,15.890251547036216,17500,953.5645188500997,952.7363998296208,954.3887082844483,17500,28.505942857142855,28.30582857142857,28.707885714285716,17500
0.0,INTERNET-100,LIA_lambda1_per_s,17500,0.9501806666666667,0.9495085333333334,0.9508585761904763,17500,0.9975903176800549,0.997311317212023,0.9978461365897697,17500,0.9974484463329597,0.9971742812338513,0.9977110859946864,17500,0.9974484463329597,0.9971684849358007,0.9977052438151793,17500,0.9998579906264,0.999845525968052,0.999870599558959,17500,0.9495219024663635,0.9485542462829758,0.9504704883257131,17500,0.9495219024663635,0.9485907361406146,0.9504827858931452,17500,0.9517668842259177,0.9508312713941552,0.952665276221226,17500,5.9371378272771835e-06,5.900454969544496e-06,5.97412161262972e-06,17500,15.882896138418676,15.875684190415718,15.890141471144004,17500,953.4637484912055,952.641206100604,954.2901153319585,17500,28.505942857142855,28.307252857142856,28.704875714285716,17500
0.0,INTERNET-100,LIA_lambda2_per_s,17500,0.9501806666666667,0.9495035190476191,0.9508502166666667,17500,0.9975903176800549,0.9973190891285533,0.9978509891442301,17500,0.9971103822190327,0.9968383090454652,0.9973747644465905,17500,0.9971103822190327,0.9968345350902995,0.997372037931915,17500,0.9995194412133891,0.9994879787087745,0.9995505041791757,17500,0.9488179360785532,0.9478806460749275,0.9497542378895957,17500,0.9488179360785532,0.9478644931016565,0.9497405960080344,17500,0.9510606841141722,0.9501475841829846,0.9519441504845896,17500,5.9131836252553124e-06,5.876993463773813e-06,5.9498246080641235e-06,17500,15.882872184216653,15.875640758138243,15.890169722087505,17500,953.1380551083245,952.3083330703394,953.9492561928379,17500,28.505942857142855,28.309597142857143,28.70520142857143,17500
0.0,INTERNET-100,SyncVCG,17500,0.9501806666666667,0.9494790476190477,0.9508614523809524,17500,0.9975903176800549,0.9973183062642828,0.997850761361205,17500,0.9975903176800549,0.9973225479754199,0.9978483935933434,17500,0.9975903176800549,0.9973196697124951,0.9978498716411188,17500,1.0,1.0,1.0,17500,0.9498083652508237,0.9488659258012359,0.950737377286938,17500,0.9498083652508237,0.9488486930055006,0.9507552273941453,17500,0.9520552760375339,0.9511358657630231,0.9529479786013191,17500,2.4094718375376294e-06,2.3914250185979265e-06,2.4280515698982133e-06,17500,16.05684367411263,16.052488444914182,16.06109271786849,17500,953.5847033368169,952.7774196710261,954.4157632052617,17500,28.505942857142855,28.307255714285713,28.702404285714287,17500
0.0,STARLINK-200,BatchVCG_B10ms,17500,0.9491262857142857,0.9484296904761905,0.9498259119047618,17500,0.9975345329883649,0.9972723254304403,0.9977889780883085,17500,0.7018923046563463,0.6979477230764313,0.7058720071019241,17500,0.7018923046563463,0.6979419294574047,0.7058232725712571,17500,0.7035666224989939,0.6995604216682585,0.7075282221752532,17500,0.3604002283878473,0.3556562562292089,0.3651124212199773,17500,0.3604002283878473,0.3556263331461815,0.36507692975637396,17500,0.361172322785693,0.3564689529639485,0.36584678290106365,17500,1.4880535858018057e-06,1.4769363656107869e-06,1.502021084140454e-06,17500,33.23896618543042,33.097503736983846,33.37950308450613,17500,669.5141250022656,665.7027382429591,673.2428047730373,17500,28.477942857142857,28.278114285714285,28.678745714285714,17500
0.0,STARLINK-200,BatchVCG_B1ms,17500,0.9491262857142857,0.948422269047619,0.9498183023809524,17500,0.9975345329883649,0.997268733555508,0.9977780086861033,17500,0.5404667443196314,0.5360503302949139,0.5448196584231056,17500,0.5404667443196314,0.5360286376422833,0.5447966817522994,17500,0.5417872661325583,0.537358083900323,0.5462521377134404,17500,0.03782930799508523,0.035819904014792035,0.0398772051155859,17500,0.03782930799508523,0.0358325106908852,0.03983939076614111,17500,0.037913950901844885,0.03589721467034011,0.03996090067019729,17500,1.391343932066645e-06,1.3846750876733234e-06,1.397992843495948e-06,17500,24.23922245475511,24.100680699244904,24.378047979012536,17500,515.6680483505381,511.2636956238125,519.8636874246488,17500,28.477942857142857,28.280564285714284,28.68046,17500
0.0,STARLINK-200,BatchVCG_B20ms,17500,0.9491262857142857,0.9484253214285714,0.9498363880952381,17500,0.9975345329883649,0.9972816366549296,0.9977852475467069,17500,0.8403912697226927,0.8374339010920274,0.843314324844402,17500,0.8403912697226927,0.8374081957935678,0.8433012483064629,17500,0.842459930929658,0.8395478316944893,0.8454387906075347,17500,0.6344538582895046,0.63032377153588,0.6387147368078644,17500,0.6344538582895046,0.6302777090920658,0.6385712746989487,17500,0.6358605924405681,0.6317776335020815,0.6400269948153517,17500,1.7088627708809716e-06,1.6995986883661576e-06,1.7181204046521868e-06,17500,43.21348808340254,43.07331352831814,43.352873967378045,17500,801.1431868962393,798.3210401534143,804.0067007456486,17500,28.477942857142857,28.27777,28.673087142857145,17500
0.0,STARLINK-200,BatchVCG_B50ms,17500,0.9491262857142857,0.9484346547619047,0.9498234833333333,17500,0.9975345329883649,0.9972754628417376,0.9977869940660169,17500,0.9925227924753586,0.9920524984891381,0.9929806756707776,17500,0.9925227924753586,0.9920586951319179,0.9929849187295712,17500,0.9949757895232066,0.9945795003306479,0.995351086636592,17500,0.9388689897942634,0.9377673479836299,0.9399553157698686,17500,0.9388689897942634,0.937758386599631,0.9399570520868865,17500,0.9411317216460107,0.9400661940472099,0.9422126833949347,17500,2.5612644851207735e-06,2.5460857352507964e-06,2.5760384489383017e-06,17500,66.91467981187054,66.86375470336826,66.96468424084523,17500,943.7401459998895,942.8479145911122,944.6239998302249,17500,28.477942857142857,28.273942857142856,28.680231428571428,17500
0.0,STARLINK-200,BatchVCG_B5ms,17500,0.9491262857142857,0.9484388547619048,0.9498059523809523,17500,0.9975345329883649,0.9972773053267442,0.9977852169228171,17500,0.613469092110507,0.6090728627005944,0.6177270813629706,17500,0.613469092110507,0.6091063313503374,0.6177130132352996,17500,0.6149326636444051,0.6107594967176427,0.619191327525544,17500,0.1870084240213405,0.1829631426948244,0.1910756819247126,17500,0.1870084240213405,0.1830012527088803,0.19108353283410873,17500,0.18741133407498198,0.18346352967164642,0.19144711400514017,17500,1.4182183359350477e-06,1.4109136337148292e-06,1.4256316157323972e-06,17500,28.239249329158987,28.098215659092542,28.37954494668892,17500,585.3252105240423,581.2475587395168,589.442281426927,17500,28.477942857142857,28.275085714285716,28.681545714285715,17500
0.0,STARLINK-200,FastVCG,17500,0.9491262857142857,0.9484235880952381,0.9498320142857142,17500,0.9975345329883649,0.9972788326260084,0.9977853351301342,17500,0.523131998928374,0.5186818529766823,0.5275729288905879,17500,0.523131998928374,0.5186701139234317,0.5276508652397602,17500,0.5244343864613165,0.5200515400122463,0.5288246071853403,17500,0.0,0.0,0.0,17500,0.0,0.0,0.0,17500,0.0,0.0,0.0,17500,1.3913835797991072e-06,1.3850526165749346e-06,1.3976662925311497e-06,17500,23.239222494402846,23.100268909516217,23.37596112771933,17500,499.10523456962216,494.89967118011697,503.321497109071,17500,28.477942857142857,28.277768571428574,28.675662857142857,17500
0.0,STARLINK-200,HoldBack,17500,0.9491262857142857,0.9484276761904763,0.949823619047619,17500,0.9975345329883649,0.9972799684260384,0.9977857773932359,17500,0.9975345329883649,0.9972683004835565,0.9977853534970109,17500,0.9975345329883649,0.997271130138467,0.9977908167271304,17500,1.0,1.0,1.0,17500,0.9491102803107765,0.9481691055451624,0.9500393954960833,17500,0.9491102803107765,0.9481667991294954,0.9500257041503947,17500,0.9513945446026016,0.9505061672294454,0.9522942312178663,17500,1.817192030804498e-06,1.8049329545881066e-06,1.8293019237795046e-06,17500,68.78774735268158,68.77209081800967,68.80305914385302,17500,948.3515112262589,947.543933543454,949.1588181354475,17500,28.477942857142857,28.278341428571427,28.67332142857143,17500
0.0,STARLINK-200,LIA_lambda0.5_per_s,17500,0.9491262857142857,0.948429619047619,0.9498145785714287,17500,0.9975345329883649,0.9972761193439027,0.9977799878698107,17500,0.9971059829894395,0.9968480586017643,0.9973585006285985,17500,0.9971059829894395,0.9968457885183492,0.9973584143982388,17500,0.9995706785549734,0.9995423592961975,0.9995993897960551,17500,0.9482238722693682,0.9472838198941754,0.9491629043866995,17500,0.9482238722693682,0.9472684065935874,0.9491613895864739,17500,0.9505063907021266,0.9495718509657229,0.9514222802425629,17500,6.1461025050708225e-06,6.0222611177180495e-06,6.3627109450421165e-06,17500,68.10929874172278,68.08440027576907,68.13395490618578,17500,948.0026746865917,947.1891940423162,948.8238270520784,17500,28.477942857142857,28.28673857142857,28.678747142857144,17500
0.0,STARLINK-200,LIA_lambda1_per_s,17500,0.9491262857142857,0.9484214261904762,0.9498102071428571,17500,0.9975345329883649,0.9972767362152216,0.9977826431219358,17500,0.9961668256959109,0.9959018293066962,0.996423383041576,17500,0.9961668256959109,0.9958993191534695,0.996421226976263,17500,0.9986295549196916,0.9985584523180161,0.998698582727621,17500,0.9463124025076304,0.9453771624030286,0.9472266902574822,17500,0.9463124025076304,0.9453621265781358,0.9472384500966554,17500,0.9485908205826908,0.9477025143733128,0.9494661756600612,17500,5.934188727821623e-06,5.89759518392384e-06,5.971345729859811e-06,17500,68.10908682794553,68.0833638146641,68.13476071792826,17500,947.1035329966454,946.2953261618832,947.9176345938879,17500,28.477942857142857,28.27754285714286,28.680347142857144,17500
0.0,STARLINK-200,LIA_lambda2_per_s,17500,0.9491262857142857,0.9484324571428571,0.9498170642857142,17500,0.9975345329883649,0.9972745710166757,0.9977813023834755,17500,0.9936260399648645,0.9933191904962643,0.9939161913260981,17500,0.9936260399648645,0.9933239756091352,0.9939115257505771,17500,0.9960836722210799,0.995927218332405,0.996233811334175,17500,0.9412308408253541,0.9403065766343052,0.9421564081524907,17500,0.9412308408253541,0.9402762062781252,0.9421298949821495,17500,0.9434972969307664,0.9425958836293732,0.9443717656534086,17500,5.899541399308613e-06,5.862381768279842e-06,5.936287249039326e-06,17500,68.10905218061703,68.08431577622866,68.13380450558628,17500,944.6739227138526,943.8536821934166,945.5026611706118,17500,28.477942857142857,28.282,28.67857714285714,17500
0.0,STARLINK-200,SyncVCG,17500,0.9491262857142857,0.9484334095238095,0.9498258166666667,17500,0.9975345329883649,0.9972775144926328,0.9977781110364659,17500,0.9975345329883649,0.9972758960591368,0.9977799466507739,17500,0.9975345329883649,0.9972720895620144,0.9977838572841976,17500,1.0,1.0,1.0,17500,0.9491102803107765,0.9481576056583217,0.9500402132263915,17500,0.9491102803107765,0.9481697005997477,0.9500543423400767,17500,0.9513945446026016,0.9505022511743592,0.9522816610039105,17500,2.358806346143995e-06,2.3421717421816928e-06,2.3753915394523313e-06,17500,68.78828896699692,68.77256267256072,68.80336920783967,17500,948.3514594161578,947.5231088389253,949.1482367946287,17500,28.477942857142857,28.283640000000002,28.674457142857143,17500
